{
  "reference_info": {
    "width": 640,
    "height": 480,
    "fps": 30.0,
    "frame_count": 150,
    "duration": 5.0
  },
  "distorted_info": {
    "width": 640,
    "height": 480,
    "fps": 30.0,
    "frame_count": 150,
    "duration": 5.0
  },
  "metrics": {
    "psnr_values": [
      41.79336810382885,
      42.454295723490326,
      42.63512377908722,
      42.71549462302629,
      42.56603143870975,
      42.8001640071557,
      42.79626733458001,
      42.812664384999195,
      42.66102153039832,
      42.8567956806864,
      42.86723833082668,
      42.92058967239899,
      42.757495806099975,
      42.81466745610128,
      42.82349279406124,
      42.79596518831835,
      42.73243318627251,
      42.762429627849016,
      42.733118468712036,
      42.73150741089613,
      42.693671029085785,
      42.72660450069616,
      42.729497485677676,
      42.7443921883954,
      42.65046217427981,
      42.76515342908871,
      42.78153220882024,
      42.829565680768276,
      42.698686622028845,
      42.90587732470137,
      42.93062773665463,
      42.965010928921366,
      42.890224796275206,
      43.04430985423351,
      43.07096647333405,
      43.11922105005409,
      43.015534032822956,
      43.1168095819044,
      43.13665370163379,
      43.095179714376016,
      42.953240637472085,
      43.1351274498891,
      43.22923365638462,
      43.20818013679091,
      43.096567794227155,
      43.20901303798915,
      43.199614625236876,
      43.13557049998099,
      43.02044317366773,
      43.130426743305165
    ],
    "ssim_values": [
      0.991022081578264,
      0.9922551175932252,
      0.9925110371120176,
      0.9924925656754077,
      0.992005125881386,
      0.9927218375845751,
      0.9927681371746321,
      0.9927033595609853,
      0.9922428579336773,
      0.9928952863800755,
      0.9930125165543064,
      0.9931671380112922,
      0.9927304053644602,
      0.9929974640751628,
      0.9931944940166342,
      0.9931045379271406,
      0.9927572798327848,
      0.9930674256410696,
      0.9930516364248648,
      0.9928731089829075,
      0.9925378366886598,
      0.9928637949919376,
      0.9929303814223235,
      0.9928935928323434,
      0.9924914379923292,
      0.9929393852588898,
      0.9930039732342066,
      0.9929786423856953,
      0.9925702336280259,
      0.9931919499693168,
      0.9932135502751388,
      0.9931132192933042,
      0.9928601549421179,
      0.9932712904662379,
      0.9933388279011257,
      0.9933011107653202,
      0.9929582346234189,
      0.993276609838146,
      0.9934192794717013,
      0.9932307288380017,
      0.9929458013925826,
      0.9933297834572076,
      0.9934404808328363,
      0.9933354999394853,
      0.9930412589585066,
      0.9934133243055222,
      0.9934899700633002,
      0.9933741929652635,
      0.9930351028458473,
      0.9934407919169572
    ],
    "mse_values": [
      4.302724609375,
      3.6953092447916664,
      3.5446061197916667,
      3.4796126302083334,
      3.601448567708333,
      3.412431640625,
      3.4154947916666667,
      3.402623697916667,
      3.523531901041667,
      3.36822265625,
      3.3601334635416666,
      3.319108072916667,
      3.446123046875,
      3.4010546875,
      3.394150390625,
      3.415732421875,
      3.4660677083333336,
      3.4422102864583333,
      3.465520833333333,
      3.466806640625,
      3.4971419270833333,
      3.47072265625,
      3.468411458333333,
      3.4565364583333333,
      3.532109375,
      3.4400520833333332,
      3.4271028645833335,
      3.3894075520833336,
      3.49310546875,
      3.33037109375,
      3.3114453125,
      3.28533203125,
      3.3423958333333332,
      3.225888671875,
      3.206149088541667,
      3.17072265625,
      3.247333984375,
      3.1724837239583334,
      3.1580208333333335,
      3.1883235677083333,
      3.294248046875,
      3.159130859375,
      3.0914127604166666,
      3.106435546875,
      3.1873046875,
      3.10583984375,
      3.112568359375,
      3.15880859375,
      3.2436653645833333,
      3.1625520833333334
    ],
    "frame_numbers": [
      0,
      1,
      2,
      3,
      4,
      5,
      6,
      7,
      8,
      9,
      10,
      11,
      12,
      13,
      14,
      15,
      16,
      17,
      18,
      19,
      20,
      21,
      22,
      23,
      24,
      25,
      26,
      27,
      28,
      29,
      30,
      31,
      32,
      33,
      34,
      35,
      36,
      37,
      38,
      39,
      40,
      41,
      42,
      43,
      44,
      45,
      46,
      47,
      48,
      49
    ]
  },
  "statistics": {
    "psnr": {
      "mean": 42.86515125632389,
      "std": 0.24277078893108042,
      "min": 41.79336810382885,
      "max": 43.22923365638462
    },
    "ssim": {
      "mean": 0.9929360770960125,
      "std": 0.00043237928498610057,
      "min": 0.991022081578264,
      "max": 0.9934899700633002
    },
    "mse": {
      "mean": 3.3671587239583336,
      "std": 0.19703125307553934,
      "min": 3.0914127604166666,
      "max": 4.302724609375
    }
  },
  "frames_analyzed": 50,
  "analysis_time": 1.443786859512329,
  "timestamp": 1752281849.9233794
}